uId,name,category,cx,cy,vertices
LS_CITYHALL,Мэрия Лос-Сантос,green_zone,-556.8057142857143,-163.30285714285714,21
FIB,Офис FIB,green_zone,149.44199999999998,-719.052,5
WEAZELNEWS,Weazel News,green_zone,-564.785,-916.4783333333334,12
LSPD,LSPD,green_zone,441.94090909090914,-1084.2763636363636,11
LSSD,LSSD,green_zone,-425.60600000000005,6012.124,5
LS_EMS,Больница Лос-Сантос,green_zone,333.77125,-1378.478125,16
SS_EMS,Больница Сэнди-Шорс,green_zone,1838.95,3675.568,5
SASPA_PARKING,Федеральная тюрьма,green_zone,1798.5664864864866,2614.441891891892,37
MINE,Шахта,green_zone,2948.1879999999996,2791.5099999999998,5
CONSTRUCTION,Стройка,green_zone,82.22444444444444,-399.35,9
PORT,Порт,green_zone,-419.36333333333334,-2724.307777777778,9
TAXI1,Таксопарк 1,green_zone,908.4779999999998,-171.01999999999998,5
TAXI2,Таксопарк 2,green_zone,-1535.8799999999999,-401.46,5
COLLECTOR1,Стоянка инкассаторов 1,green_zone,124.25166666666667,-1068.1033333333332,6
COLLECTOR2,Стоянка инкассаторов 2,green_zone,-1188.4180000000001,-1489.298,5
AUTOMECH1,Стоянка автомехаников 1,green_zone,-835.208,-762.5440000000001,5
AUTOMECH2,Стоянка автомехаников 2,green_zone,-32.21,6445.822,5
PARKFINE1,Штрафстоянка 1,green_zone,480.462,-55.592,5
PARKFINE2,Штрафстоянка 2,green_zone,19.136666666666667,6343.91,6
PARKING1,Стоянка 1,green_zone,-1198.972,-671.588,5
PARKING2,Стоянка 2,green_zone,-157.70000000000002,-2095.1423529411763,17
PARKING3,Стоянка 3,green_zone,-650.5633333333333,-2172.351111111111,9
GANGROBZONE,Выдача ограблений,green_zone,1473.28,6364.584,5
QUADRO,Аренда квадроциклов,green_zone,-767.1075,5568.81625,8
SMUGGLEGRAPESEED,Контрабанда - Грейпсид,green_zone,1643.8919999999998,4834.038,5
SMUGGLEFARM,Контрабанда - Ферма,green_zone,2588.248,4684.008,5
SMUGGLEDESERT,Контрабанда - Гранд-Сенора,green_zone,474.384,3547.8300000000004,5
SMUGGLESANSHAN,Контрабанда - Сан-Шаньский хребет,green_zone,2984.344,3485.868,5
SMUGGLEWINDFARM,Контрабанда - Ветряная ферма,green_zone,2541.3360000000002,2592.05,5
SMUGGLESENORA,Контрабанда - Гранд-Сенора,green_zone,202.462,2448.442,5
SMUGGLEELYSIAN,Контрабанда - Элизиан-Айленд,green_zone,-447.4266666666667,-2187.6783333333333,6
SMUGGLEELBURRO,Контрабанда - Эль-Бурро-Хайтс,green_zone,1625.325,-2378.02,6
DIVING,Дайвинг и водохранилище,green_zone,1813.27125,133.66062499999998,16
SECRETSHOP,Secret Shop,green_zone,1088.9885714285715,-780.8000000000001,7
BAGSHOP,Магазин сумок,green_zone,733.9242857142857,-974.6714285714286,7
POST_PB,Почта Палето-Бэй,green_zone,-421.3925,6151.24875,8
POST_LS,Почта Лос-Сантос,green_zone,71.15249999999999,134.1925,12
POST_SS,Почта Сэнди,green_zone,2013.83,3729.4080000000004,5
VELORENT,Аренда велосипедов на пляже,green_zone,-1267.386,-1480.3700000000001,5
AUTORENTLS,Аренда авто Вайнвуд,green_zone,-520.2814285714286,47.692857142857136,7
AMPHI1,Амфитеатр 1,green_zone,674.5830769230769,578.6969230769231,13
AMPHI2,Амфитеатр 2,green_zone,177.27666666666667,1165.735,12
LS_CHAPEL,Церковь Лос-Сантос,green_zone,-789.8021428571428,38.347857142857144,14
PB_CHAPEL,Церковь Палето-Бэй,green_zone,-329.134,6165.728,5
FISHSHOPRENTSS,Магазин рыболовных снастей,green_zone,1519.8836363636365,3812.8954545454544,11
FARM1ORANGE1,Ферма,green_zone,2347.88,5002.836,5
FARM2MAIN,Ферма,green_zone,2279.28,4883.681666666666,6
FARM3ORANGE2,Ферма,green_zone,2124.5455555555554,4792.093333333334,9
FARM4FIELDS,Ферма,green_zone,2172.773,5122.955,10
FISHBUYER1,Скупщик рыбы 1,green_zone,1552.736,2183.196,5
FISHBUYER2,Скупщик рыбы 2,green_zone,-256.68,2200.29,5
OFFICE_MBB,Maze Bank Building,green_zone,-72.608,-850.966,5
OFFICE_ARC,Arcadius,green_zone,-146.342,-598.8059999999999,5
OFFICE_MBW,Maze Bank West,green_zone,-1381.028,-490.672,5
OFFICE_LOM,Lom Bank,green_zone,-1590.146,-573.434,5
OFFICE_RHBC,Rockford Hills BC,green_zone,-1042.74,-430.47,9
OFFICE_TBBC,Total Bankers BC,green_zone,-565.81,-711.3025,8
STARTING_ZONE1,Начальная зона,green_zone,-172.888,-778.442,5
STARTING_ZONE2,Начальная зона,green_zone,-1019.7719999999999,-1510.982,5
FISHINGPIERS1,Рыболовный пирс,green_zone,-1806.4916666666668,-1188.055,12
FISHINGPIERS2,Рыболовный пирс,green_zone,-3300.411176470588,966.3070588235295,17
FISHINGPIERS3,Зона рыбалки,green_zone,,,0
PIERSDELPERRO,Пирс Дель-Перро,green_zone,-1646.3341176470587,-973.0405882352941,17
GYM1BEACH,Спортзал,green_zone,-1212.5520000000001,-1569.46,5
AUCTIONHOUSE,Аукцион,green_zone,-552.1220000000001,-619.734,5
NCLUB_RM,Vanilla Unicorn,green_zone,122.78666666666668,-1305.3058333333333,12
NCLUB_LCN,Bahama Mamas,green_zone,-1383.28,-595.888,5
NCLUB_AM,Split Sides West,green_zone,-442.22200000000004,270.12800000000004,5
NCLUB_MM,Galaxy,green_zone,-13.715,237.745,8
NCLUB_YAK,Orient,green_zone,312.962,223.542,5
BUSPARK1,Автобусная станция 1,green_zone,-789.8766666666667,-2386.06,9
BUSPARK2,Автобусная станция 2,green_zone,-2175.098,-392.101,10
REALESTATE,Риелторское агентство,green_zone,-1036.3125,-1393.065,16
HANDLINGSHOP,Автомастерская,green_zone,112.374,6621.988,5
BOATSHOP,Магазин лодок,green_zone,-797.6220000000001,-1349.056,5
CLUB_LOSTMC,Мотоклуб Lost,green_zone,976.835,-126.63333333333333,6
CLUB_AODMC,Мотоклуб Angels of Death,green_zone,1992.012,3058.39,5
CLUB_BANDIDOSMC,Мотоклуб Bandidos,green_zone,-2208.754545454545,4261.672727272728,11
TK,Тренировочный комплекс,green_zone,604.896,-431.41400000000004,5
SMUGGLEOCEAN,Контрабанда - Паломино,green_zone,2805.406,-752.598,5
FIRESTATION1,Пожарная станция 1,green_zone,213.26666666666665,-1656.1283333333333,6
FIRESTATION2,Пожарная станция 2,green_zone,1211.4214285714286,-1466.8771428571429,7
FIRESTATION3,Пожарная станция 3,green_zone,1694.882,3594.532,5
FIRESTATION4,Пожарная станция 4,green_zone,-379.01142857142855,6109.737142857143,7
DRIVERSCHOOL,Автошкола,green_zone,206.27142857142857,376.7271428571429,7
FURNSHOP,Магазин мебели,green_zone,2735.8016666666667,3483.2766666666666,6
HUNTEND,Скупщик шкур,green_zone,,,0
CONTRACTLWMSTART,Электростанция,green_zone,-24.37285714285714,-2533.2057142857147,7
MBA,Maze Bank Arena,green_zone,-279.2296774193548,-1981.3493548387098,31
PLATINUMAUTO,Platinum автосалон,green_zone,-200.094,-1167.81,5
PLATINUMCLOTHES,Магазин одежды Люкс,green_zone,-566.512,-397.73400000000004,5
JEWELRYSHOP,Ювелирный магазин,green_zone,-622.862,-230.92,5
TREASUREBUYER,Скупщик найденных ценностей,green_zone,-1459.719,-413.85,10
BANK_PALETO,Blaine County Savings Bank,green_zone,-116.971,6461.243,10
BANK_LS,Public Deposit Bank,green_zone,248.38400000000001,204.621,10
BANK1,Fleeca Bank,green_zone,150.30142857142854,-1036.9957142857143,7
BANK2,Fleeca Bank,green_zone,-1207.75,-332.314,5
BANK4,Fleeca Bank,green_zone,308.716,-287.264,5
BANK5,Fleeca Bank,green_zone,-351.48400000000004,-49.766000000000005,5
BANK6,Fleeca Bank,green_zone,-2956.7239999999997,482.13,5
PRODUCT_SHOP_3,24/7 #3,green_zone,27.612000000000002,-1342.122,5
PRODUCT_SHOP_4,24/7 #4,green_zone,-1221.654,-907.836,5
PRODUCT_SHOP_5,24/7 #5,green_zone,375.662,325.78200000000004,5
PRODUCT_SHOP_8,24/7 #8,green_zone,1137.214,-988.36,5
PRODUCT_SHOP_11,24/7 #11,green_zone,-3039.406,587.1980000000001,5
PRODUCT_SHOP_12,24/7 #12,green_zone,-3243.194,1001.54,5
PRODUCT_SHOP_13,24/7 #13,green_zone,545.55,2671.1940000000004,5
PRODUCT_SHOP_16,24/7 #16,green_zone,1694.8966666666668,4934.171666666666,6
PRODUCT_SHOP_18,24/7 #18,green_zone,-2970.364,389.294,5
PRODUCT_SHOP_19,24/7 #19,green_zone,-1488.2442857142855,-378.75,7
CLOTHES_SHOP_SPORT_1,Магазин спортивной одежды #1,green_zone,-1196.708,-772.2360000000001,5
CLOTHES_SHOP_SPORT_2,Магазин спортивной одежды #2,green_zone,80.09285714285714,-1389.7757142857142,7
CLOTHES_SHOP_SPORT_3,Магазин спортивной одежды #3,green_zone,422.64285714285717,-811.4342857142857,7
CLOTHES_SHOP_SPORT_5,Магазин спортивной одежды #5,green_zone,611.9680000000001,2758.412,5
CLOTHES_SHOP_SPORT_7,Магазин спортивной одежды #7,green_zone,1689.7279999999998,4824.874,5
CLOTHES_SHOP_SPORT_10,Магазин спортивной одежды #10,green_zone,6.518000000000001,6517.49,5
CLOTHES_SHOP_SPORT_12,Магазин спортивной одежды #12,green_zone,127.1,-215.834,5
CLOTHES_SHOP_SPORT_13,Магазин спортивной одежды #13,green_zone,-821.05,-1076.85,5
CLOTHES_SHOP_PREMIUM_1,Магазин премиальной одежды #1,green_zone,-712.2428571428571,-155.71142857142857,7
CLOTHES_SHOP_PREMIUM_3,Магазин премиальной одежды #3,green_zone,-165.39600000000002,-300.198,5
CARSHOP_PREMIUM_1,Классический автосалон 1 ,green_zone,-55.15,-1101.2785714285715,7
CARSHOP_PREMIUM_2,Классический автосалон 2,green_zone,-937.965,-2070.54625,8
CARSHOP_ECONOMY_1,Классический автосалон 3,green_zone,-50.032,-1679.4540000000002,5
CARSHOP_ECONOMY_2,Классический автосалон 4,green_zone,-79.962,71.53,10
CARSHOP_LUXE_2,Классический автосалон 6,green_zone,-641.3483333333334,300.37,6
CARSHOP_MOTO_ECONOMY_1,Мотосалон 1,green_zone,250.38600000000002,-1154.132,5
CARSHOP_MOTO_PREMIUM_1,Мотосалон 2,green_zone,-942.1154545454546,-1178.7,11
SHOP_AMMO_1,Ammunation #1,green_zone,20.7675,-1108.105,8
SHOP_AMMO_2,Ammunation #2,green_zone,808.722,-2141.568,5
SHOP_AMMO_5,Ammunation #5,green_zone,239.81199999999998,-45.522000000000006,5
SHOP_AMMO_6,Ammunation #6,green_zone,1696.0059999999999,3757.576,5
SHOP_AMMO_8,Ammunation #8,green_zone,-325.472,6084.104,5
SHOP_AMMO_11,Ammunation #11,green_zone,-1320.622,-392.098,5
MASK_SHOP_1,Магазин масок #1,green_zone,-1338.736,-1277.194,5
LS_CUSTOM_1,LS Custom #1,green_zone,-204.83800000000002,-1324.578,5
LS_CUSTOM_2,LS Custom #2,green_zone,-339.21333333333337,-139.85888888888888,9
LS_CUSTOM_3,LS Custom #3,green_zone,-1127.61,-1995.4808333333333,12
BARBER_SHOP_1,Барбершоп #1,green_zone,1209.06,-473.642,5
BARBER_SHOP_5,Барбершоп #5,green_zone,-1285.7740000000001,-1114.244,5
TATTO_SALON_1,Тату салон #1,green_zone,1331.398888888889,-1649.9455555555555,9
TATTO_SALON_2,Тату салон #2,green_zone,318.57,173.8083333333333,6
GAS_STATION_2,Заправка #2,green_zone,-315.26142857142855,-1473.7542857142857,7
GAS_STATION_3,Заправка #3,green_zone,168.44375,-1558.73,8
GAS_STATION_4,Заправка #4,green_zone,-520.3325,-1210.2525,8
GAS_STATION_5,Заправка #5,green_zone,1208.87,-1402.43125,8
GAS_STATION_6,Заправка #6,green_zone,623.90125,267.0025,8
GAS_STATION_9,Заправка #9,green_zone,-2101.821111111111,-317.53333333333336,9
GAS_STATION_13,Заправка #13,green_zone,42.958333333333336,2787.5416666666665,6
GAS_STATION_14,Заправка #14,green_zone,-2542.6377777777775,2321.503333333333,9
GAS_STATION_18,Заправка #18,green_zone,174.54285714285714,6600.5314285714285,7
GAS_STATION_19,Заправка #19,green_zone,263.25875,-1264.4875,8
SERVICESTATIONSS,СТО №2,green_zone,1422.23,3574.66,5
SERVICESTATIONLS,СТО №1,green_zone,731.886,-1073.606,5
MOVIEMAKING,Киностудия,green_zone,,,0
PRODUCT_SHOP_1&SHOP_AMMO_4&GAS_STATION_21,"24/7 #1, Ammunation #4, Заправка #21",green_zone,-710.22875,-932.421875,16
PRODUCT_SHOP_2&GAS_STATION_1,"24/7 #2, Заправка #1",green_zone,-64.575,-1755.8633333333335,6
PRODUCT_SHOP_6&GAS_STATION_11,"24/7 #6, Заправка #11",green_zone,-1813.1457142857143,798.3914285714285,7
PRODUCT_SHOP_7&GAS_STATION_10,"24/7 #7, Заправка #10",green_zone,1183.462,-339.594,10
PRODUCT_SHOP_9&GAS_STATION_15,"24/7 #9, Заправка #15",green_zone,2673.4666666666667,3266.5533333333333,6
PRODUCT_SHOP_10&SHOP_AMMO_10&GAS_STATION_7,"24/7 #10, Ammunation #10, Заправка #7",green_zone,2580.9313333333334,332.15,15
PRODUCT_SHOP_14&GAS_STATION_12&CLOTHES_SHOP_SPORT_6&BANK3,"24/7 #14, Заправка #12, Магазин спорт. одежды #6, Fleeca Bank",green_zone,1187.9158333333332,2685.254166666667,12
PRODUCT_SHOP_15&GAS_STATION_16&BARBER_SHOP_3&TATTO_SALON_3,"24/7 #15, Заправка #16, Барбершоп #3, Тату салон #3",green_zone,1923.57,3749.7845454545454,11
PRODUCT_SHOP_17&GAS_STATION_17,"24/7 #17, Заправка #17",green_zone,1706.4242857142856,6411.341428571429,7
SHOP_AMMO_7&CLOTHES_SHOP_SPORT_4,"Ammunation #7, Магазин спортивной одежды #4",green_zone,-3163.060588235294,1076.4941176470588,17
SHOP_AMMO_3&GAS_STATION_20,"Ammunation #3, Заправка #20",green_zone,835.484,-1022.134,5
SHOP_AMMO_9&CLOTHES_SHOP_SPORT_11,"Ammunation #9, Магазин спортивной одежды #11",green_zone,-1108.9157142857143,2704.7057142857147,7
GAS_STATION_8&CLOTHES_SHOP_PREMIUM_2,"Заправка #8, Магазин премиальной одежды #2",green_zone,-1434.3826666666669,-233.07000000000002,15
BARBER_SHOP_2&CARSHOP_LUXE_1,"Барбершоп #2, Классический автосалон 5",green_zone,-804.21,-204.962,5
BARBER_SHOP_4&TATTO_SALON_4,"Барбершоп #4, Тату салон #4",green_zone,-292.5175,6215.22375,8
PUMPANDRUN_GYM,Спортзал Pump and Run,green_zone,-1260.4599999999998,-351.4414285714286,7
MUSCLE_GYM,Спортзал Muscle,green_zone,119.58,327.2175,8
CONTAINERS_AUCTION,Аукцион контейнеров,green_zone,,,0
REDNECKS,Rednecks,green_zone,-1105.6516666666666,4925.96,18
EPSILON,Epsilon,green_zone,-699.349375,67.049375,16
ANIMALS,Animals,green_zone,-248.27399999999997,6319.338,5
POSTOP_PORT,Склад PostOP в порту,green_zone,1179.82,-3284.946,5
POSTOP_AIRPORT,Склад PostOP в аэропорту,green_zone,-1085.308,-2061.342,5
POSTOP_PALETO,Склад PostOP в Палето-Бэй,green_zone,186.602,6388.5419999999995,5
TRUCKSTATION1,Магазин грузовиков,green_zone,-793.29,-2648.412,5
WEAPONSKIN_SHOP,Магазин модификаций оружия,green_zone,1726.7455555555557,3714.3733333333334,9
RGB_CLOTHES_SHOP,Spectrumi,green_zone,-201.038,-36.25,5
